paragraph_num,original_text,video_prompt
1,Introduction,"A flickering fire casts dancing shadows across the rugged cave walls, as a group of early humans huddles together, their faces illuminated by the warm glow, eyes wide with anticipation, ready to share stories of survival under a starlit sky. The camera sweeps in, capturing the raw emotion and communal spirit of this prehistoric moment, inviting viewers to feel the heartbeat of our ancestors."
2,"Do you think medieval castles were warm? The massive fireplaces we see in movies create the illusion of comfort and security. In reality, they were ice-cold prisons. The huge halls with high ceilings were impossible to heat, and drafts swept through the corridors, chilling even the most noble lords and ladies to the bone.","As the camera glides through the dimly lit, cavernous halls of a medieval castle, flickering shadows dance across cold stone walls, revealing the oppressive chill of high ceilings and drafty corridors, capturing the stark contrast between noble aspirations and the biting reality of a frigid fortress."
3,"Constant cold was an integral part of life in a castle, affecting everything from daily routines to architectural decisions. The methods used to preserve precious heat may seem primitive to us today, but they allowed people to survive long and harsh winters. These solutions were not just everyday tricks, but a whole system of survival, honed over centuries. Watch the video to the end to find out how an ordinary tapestry could be more important than fire and why beds in the Middle Ages resembled small fortresses.","As the camera glides through the dimly lit, stone-walled corridors of a medieval castle, flickering torchlight reveals the intricate tapestries that adorn the walls, each thread whispering secrets of survival against the bitter cold; the atmosphere thick with the weight of history, we zoom in on a fortress-like bed, its heavy drapes drawn tight, inviting viewers to uncover the ingenious warmth hidden within this seemingly ordinary refuge."
4,Chapter 1: The Paradox of the Great Fire,"As the sun sets behind the jagged mountains, casting long shadows across the charred landscape, the camera sweeps low over the smoldering remnants of the Great Fire, capturing the haunting silhouettes of prehistoric figures gathering around flickering flames, their faces illuminated by the glow of survival and despair."
5,"The open hearth in the center of the main hall was the heart of an early medieval castle. It served not only as a source of heat, but also as a place for cooking and the center of social life. Smoke from the hearth rose and escaped through a special opening in the roof called a lucarne. This system was extremely inefficient, as most of the heat escaped along with the smoke.","As the flickering flames of the open hearth cast dancing shadows on the rough stone walls, the camera pans slowly from the warm glow of the fire to the soot-streaked lucarne, where wisps of smoke spiral upwards into the cool night air, enveloping the scene in a warm, communal atmosphere filled with laughter and the scent of roasted game."
6,"Wall fireplaces, which appeared later, were a real technological breakthrough. They allowed smoke to be removed more efficiently through a chimney built into the wall. However, even these fireplaces only heated a small space directly in front of them. In huge stone halls, the rest of the room remained freezing cold.","As the camera glides through a dimly lit stone hall, flickering shadows dance on the walls from a modest wall fireplace, its warm glow illuminating the faces of cold, weary figures huddled together, while the frigid darkness looms ominously beyond their reach."
7,"Fuel consumption was enormous and required constant expense and effort. It took tons of wood every week to heat one large hall. The forests around the castles were rapidly being cut down, making firewood an increasingly expensive and scarce resource. The procurement and delivery of fuel was a constant concern for castle managers.","As the sun sets behind the towering castle walls, casting long shadows across the barren landscape, a weary figure drags a heavy cart laden with dwindling firewood, the flickering torchlight revealing the desperation etched on their face—illustrating the relentless struggle against the encroaching emptiness of the surrounding forest."
8,"Thus, the fire in the fireplace provided psychological comfort rather than actual warmth. It was a symbol of status and hospitality, gathering the castle's inhabitants around it. But to step away from it meant plunging back into the piercing cold of the stone walls.","As the flickering flames cast dancing shadows on the cold stone walls, the camera slowly pans over the gathered figures—each face illuminated in warm hues of orange and red, reflecting both comfort and the unspoken tension of their frigid surroundings, capturing a moment of fragile camaraderie amidst the encroaching chill."
9,"The main fuel was hardwood, such as oak and beech. These burned slowly and gave off a lot of heat, unlike softwoods. The quality of the firewood was carefully controlled, as the efficiency of the heating depended on it. Wet or rotten wood produced a lot of smoke and little heat.","As the camera glides through a dimly lit prehistoric dwelling, the flickering flames of a carefully tended hardwood fire illuminate the rugged stone walls, casting dancing shadows that evoke a sense of warmth and survival; the rich, earthy aroma of oak and beech fills the air, hinting at the meticulous care taken by our ancestors to harness the power of fire for both heat and sustenance."
10,"Coal was used less often because of its high cost and delivery difficulties. However, in some regions rich in coal deposits, it became the main alternative to wood. Coal provided more even and longer-lasting heat, but required special braziers.","As the camera glides through a dimly lit prehistoric settlement, flickering torches cast dancing shadows on rugged stone walls, revealing the weary faces of ancient families huddled around a primitive brazier, where glowing embers of coal burn brightly, illuminating their struggle against the biting cold. The mood is somber yet hopeful, capturing the pivotal shift from wood to coal as they embrace this newfound warmth amidst the challenges of their harsh environment."
11,"Peat was also used as fuel, especially in marshy areas. It was cheap and readily available, but when burned, it gave off acrid smoke and an unpleasant odor. The use of peat was more of a necessity due to the shortage of quality wood.","In the dim light of a marshy landscape, a weary figure crouches by a smoldering fire, the acrid smoke swirling around them like a ghostly shroud; the camera zooms in on their strained expression, capturing the harsh reality of survival as they reluctantly stoke the flames of peat, the pungent odor hanging heavy in the humid air."
12,"Controlling the fire required constant attention from the servants. They had to maintain the flame, add wood, and make sure that sparks did not fall on wooden structures. The risk of fire in a castle filled with wooden furniture and fabrics was very high.","In the flickering glow of the hearth, shadows dance across the wooden beams of the castle, as servants scurry with urgency, their faces lit by the fire's warm light, constantly feeding the flames while warily glancing at the vulnerable wooden structures around them, a palpable tension hanging in the air."
13,"Cleaning the chimneys was a regular and laborious task. The accumulation of soot could lead to a fire inside the chimney, which was one of the most common causes of fires. This work was dirty and dangerous, but absolutely necessary for the safety of the castle.","As the sun sets behind the ancient castle, casting long shadows over the stone walls, a solitary figure ascends the narrow staircase to the soot-stained chimneys, their silhouette framed by flickering torchlight, capturing the tension of this perilous yet vital task in the fading dusk."
14,"Despite all efforts, fireplaces could not solve the main problem—thermal insulation. Stone walls several meters thick accumulated cold and slowly released it inside. Even the largest fire could not compensate for these constant heat losses.","As the camera glides through the dimly lit interior of a prehistoric dwelling, shadows dance across the thick stone walls, revealing the flickering glow of a struggling fire, its warmth unable to penetrate the bitter chill that seeps through ancient cracks, evoking a sense of relentless survival against nature's unforgiving cold."
15,"People understood the inefficiency of such heating and looked for other ways to keep warm. They focused not on producing heat, but on conserving it. It was these methods that allowed them to survive within the cold stone walls.","In the dim light of flickering flames, the camera pans through a rugged stone dwelling, capturing the shadows of prehistoric figures huddled together, their breath visible in the chilly air, as they meticulously craft insulating materials from animal hides and earth, their expressions a blend of determination and ingenuity against the encroaching cold."
16,"Architects tried to improve the design of fireplaces by making them deeper and equipping them with special reflective surfaces. This slightly increased their efficiency, but did not radically change the situation. The problem of cold in castles remained unsolved for centuries.","As the camera sweeps through the dimly lit, stone corridors of a medieval castle, flickering torchlight dances across the cold, unyielding walls, revealing a soot-stained fireplace with intricate reflective surfaces, its flames barely warming the chill that permeates the air. A hauntingly somber score underscores the desperate ingenuity of architects striving against the relentless cold, their shadows flickering like ghosts of innovation amidst the unyielding darkness."
17,We would love to hear your opinion! What do you think about the inefficiency of fireplaces in huge castles? Write about it in the comments.,"As the camera sweeps through the dimly lit great hall of a sprawling castle, flickering shadows dance across the stone walls, revealing the inefficiencies of the enormous fireplace—smoke curling into the air as the warmth barely reaches the distant corners, evoking a sense of both grandeur and isolation in the cold medieval night."
18,Chapter 2: Woven walls: tapestries as insulation,"As dawn breaks over the prehistoric settlement, the camera sweeps through a dimly lit dwelling, revealing intricate tapestries draped along the woven walls, their vibrant colors flickering in the soft glow of a fire, while shadows dance around the figures of early humans meticulously crafting these vital insulators against the biting cold."
19,"One of the most effective ways to combat the cold was to use tapestries. These massive woven fabrics were hung on stone walls, creating a barrier against the cold. Tapestries were not just decoration, but a vital element of the castle's insulation system.","As the camera sweeps through a dimly lit stone castle, the flickering torchlight dances across the intricate tapestries hanging on the walls, their vibrant colors a stark contrast to the cold, gray stone, revealing their dual purpose as both art and essential insulation against the biting chill of the prehistoric world."
20,"Tapestries were made of wool, a material known for its excellent thermal insulation properties. The thick woolen fabric did not allow the cold from the stone to pass through and retained the warm air inside the room. The denser and thicker the tapestry, the better it protected against the cold.","Capture a warm, flickering candlelight illuminating the rich, textured woolen tapestries hanging against cold stone walls, as a close-up reveals the intricate patterns woven into the fabric, embodying both artistry and the visceral warmth of prehistoric life."
21,"Tapestries were not hung close to the wall, but at a certain distance from it. For this purpose, special wooden frames or hooks driven into the wall were used. An air gap was formed between the tapestry and the wall, which served as an additional insulator and significantly reduced heat loss.","Capture a dimly lit, intimate scene where ancient artisans skillfully hang vibrant tapestries on intricately carved wooden frames, the warm glow of flickering torches illuminating the air gap that breathes life into the room, emphasizing the clever insulation method of the past."
22,"This technology made it possible to turn a cold stone room into a relatively warm and cozy space. Tapestries covered not only the walls, but also door and window openings, preventing drafts. As a result, the temperature in a room hung with tapestries could be several degrees higher than in neighboring rooms.","In a dimly lit stone chamber, the camera glides smoothly over richly woven tapestries draping the walls, capturing the flickering glow of firelight reflecting off their vibrant colors, while the muffled sounds of the cold wind outside contrast with the warmth of this sheltered haven. The scene invites viewers into a cozy, intimate space where ancient ingenuity transforms harshness into comfort, evoking a sense of refuge amidst the unforgiving prehistoric landscape."
23,"In addition to their main function, tapestries also served a decorative purpose. They depicted complex scenes from history, mythology, or everyday life. Bright colors and detailed images enlivened the gloomy interiors of castles and emphasized the status of their owners.","As the camera glides through the dimly lit halls of a grand medieval castle, the flickering torchlight dances across vibrant tapestries, revealing intricate scenes of mythology and daily life, each thread telling a story of power and prestige. The rich hues and detailed artistry pulse with life, contrasting the somber stone walls that surround them."
24,"Tapestries were very expensive, and only the wealthiest aristocrats could afford them. The process of making one large tapestry could take several years and required the labor of dozens of weavers. Tapestries were considered real treasures and were passed down from generation to generation.","Under the warm glow of flickering candlelight, a close-up shot captures the intricate hands of weavers deftly manipulating vibrant threads, their focused expressions revealing the years of labor invested in a single tapestry, a silent testament to the wealth and legacy of aristocratic lineage as the camera slowly pulls back to reveal the opulent chamber adorned with these treasured artworks."
25,"Caring for tapestries required special attention. They had to be regularly cleaned of dust that accumulated in the wool fibers. From time to time, they were removed and beaten in the fresh air to prevent the appearance of pests.","As sunlight streams through the entrance of a dimly lit cave, a skilled artisan carefully beats a vibrant tapestry against a smooth rock, dust billowing in slow motion like memories released from the past, while the camera captures the intricate patterns of wool fibers glistening in the golden light."
26,"The materials for making tapestries were carefully selected. Only the best wool, dyed with durable natural dyes, was used. The threads for the base were made of flax or hemp, which ensured the strength and durability of the product.","Close-up of a skilled artisan's hands selecting vibrant, naturally dyed wool under warm, golden sunlight, as the camera pans to reveal the rich textures of flax and hemp threads, capturing the meticulous care and ancient craftsmanship that breathes life into each tapestry."
27,"Tapestries could be enormous, reaching several meters in height and length. They were created specifically for the dimensions of a particular hall or room. Sometimes entire series of tapestries were ordered to decorate the entire castle in a uniform style.","As the camera sweeps through a dimly lit medieval hall, the flickering candlelight reveals towering, intricately woven tapestries that loom like silent sentinels, their rich colors and detailed scenes narrating tales of valor and history, wrapping the room in a tapestry of stories both grand and intimate."
28,"Transporting tapestries was a difficult task. They were carefully rolled up and packed to protect them from moisture and damage. When a lord moved from one castle to another, he often took his most valuable tapestries with him.","As the sun sets behind the rugged hills, casting a warm glow on the weary travelers, capture an intimate close-up of the lord’s hands delicately unrolling a vibrant tapestry, its colors illuminated by the flickering torchlight, while the sound of distant hoofbeats echoes through the air, highlighting the weight of history carried in each fold."
29,"Tapestries also helped improve the acoustics in large halls. The soft fabric absorbed echoes, making the space more comfortable for conversation and music. This was an important addition to their primary function of providing insulation.","As the camera glides through the dimly lit grand hall, shafts of golden light filter through intricately woven tapestries, their rich textures absorbing echoes and enveloping the space in a warm, inviting embrace; we feel the intimacy of whispered conversations and the gentle strains of music, echoing through time."
30,"Thus, tapestry was a multifunctional item that combined practicality and luxury. It was an integral part of life in a medieval castle, providing warmth, beauty, and comfort. Without tapestries, life within the cold stone walls would have been much harsher.","As the camera glides through the dimly lit corridors of a medieval castle, flickering torchlight dances across the vibrant tapestries that adorn the stone walls, revealing intricate designs that weave stories of warmth and opulence amidst the chill of the fortress. The atmosphere is rich with the textures of fabric and stone, inviting viewers into a world where artistry and functionality intertwine to soften the harshness of life within the castle's embrace."
31,"How difficult do you think it was to create a multi-meter tapestry by hand? But what if the most effective means of insulation was not on the walls, but right underfoot? In the next chapter, we will reveal the secrets of medieval floors.","As the camera glides low across the dimly lit, earthen floor of a medieval dwelling, the soft glow of flickering torches reveals intricate patterns woven into a multi-meter tapestry overhead, while the haunting echoes of the past whisper the untold stories of warmth and survival beneath our feet."
32,Chapter 3: Living Floors: Multi-Layered Insulation,"The camera glides through a dimly lit cave, revealing the intricate layers of ancient insulation crafted from animal hides and natural materials, as flickering torchlight casts dancing shadows that tell the story of survival and ingenuity; the air is thick with the scent of earth and smoke, evoking a sense of primal warmth and community."
33,"The floors in medieval castles were stone and very cold. To solve this problem, people used a multi-layered covering made of organic materials. This system not only insulated against the cold, but also provided a certain level of comfort and hygiene.","As the camera glides over the cold, stone floors of a dimly lit medieval castle, flickering torchlight dances across the intricate layers of organic materials, revealing their textured warmth and inviting comfort, while echoing whispers of history linger in the air, hinting at the daily lives of those who tread upon them."
34,The bottom layer of the covering consisted of straw or hay. It was spread in a thick layer directly on the stone floor. The straw created an air cushion that served as an excellent heat insulator and prevented the cold from the stone from penetrating into the room.,"As the camera glides low over the thick layer of straw, warm shafts of light filter through the entrance, illuminating the rustic stone floor; the atmosphere is cozy yet primal, evoking the ancient ingenuity of early humans as they created a refuge from the biting cold."
35,"A layer of fresh herbs and flowers was laid on top of the straw. Plants such as mint, lavender, chamomile, and thyme were used for this purpose. These herbs not only smelled pleasant but also had antiseptic properties, repelling insects.","As the sun sets, casting a warm golden light, the camera glides over a meticulously arranged layer of vibrant herbs and fragrant flowers atop straw, capturing the delicate hues of mint, lavender, chamomile, and thyme, their aromatic essence wafting gently in the evening air, while a soft breeze stirs the scene, hinting at the ancient wisdom of natural remedies and insect repellent."
36,"This layer of herbs was regularly renewed, adding freshness and aroma to the room. The old herbs were not removed, but simply covered with a new layer. As a result, the floor was a multi-layered ""cake"" of organic materials, which became thicker over time.","In warm, flickering candlelight, the camera slowly pans across a richly textured floor, revealing the intricate layers of dried herbs—each a testament to time and tradition—while a soft breeze carries their fragrant aroma, evoking a sense of history and life in this ancient dwelling."
37,"This system had its drawbacks. Food scraps and other debris accumulated in the lower layers over time. This created a favorable environment for bacteria and rodents to breed, despite the use of aromatic herbs.","Close-up shot of ancient food scraps, illuminated by flickering torchlight, as shadows dance across the damp earth, revealing the creeping presence of rodents amidst the decay, the air thick with the scent of aromatic herbs struggling to mask the underlying menace."
38,"Complete replacement of the floor covering was rare, perhaps once or twice a year. It was a big and laborious job that required the efforts of many servants. The entire old layer was removed from the castle and burned, after which a new one was laid.","In the dimly lit castle chamber, flickering torchlight casts shadows on the stony walls as a group of weary servants, faces smeared with soot and sweat, laboriously strip away the old floor covering, the crackling flames of the burning remnants illuminating their determined expressions, echoing the weight of their annual ritual."
39,"In wealthier homes, carpets could be laid on top of the grass layer. Carpets were a luxury item brought from the East. They not only added warmth and comfort, but also served as an indicator of the owner's high status.","As the sun casts golden rays through the woven tapestry of a luxurious carpet, the camera glides low over the vibrant colors, revealing the lush grass beneath; a rich tapestry of status unfolds, inviting the viewer into the opulent world of ancient wealth and comfort."
40,The use of reeds or rushes was another alternative to straw. These materials were more durable and long-lasting. They were laid in thick mats that retained heat well and were more pleasant to the touch.,"As the warm afternoon sun filters through a dense forest, the camera glides over thick, woven mats of reeds and rushes, capturing the shimmering textures and rich, earthy tones; a gentle breeze rustles the leaves, evoking a sense of comfort and resilience in this prehistoric dwelling."
41,"In some castles, the floors in the living quarters were made of wood. Wooden flooring was laid on beams, creating an air space between the floor and the stone base. This was an expensive but very effective solution to the problem of cold floors.","As the camera glides through the dimly lit living quarters of a medieval castle, shafts of soft light illuminate the intricate wooden beams above, casting long shadows on the warm, polished wooden floor. The subtle creaking of the floorboards echoes softly, evoking a sense of both history and comfort amid the chill of the stone base below."
42,"Wooden floors were also covered with a layer of grass or carpets. This made them even warmer and more comfortable. Such floors were easier to maintain, as they could be washed and waxed.","As the camera glides across the warm, textured wooden floors, sunlight filters through a thatched roof, illuminating the lush green carpets that cradle the space, inviting a sense of comfort and homeliness in this prehistoric dwelling. The gentle rustle of grass underfoot echoes the simplicity of life, while the warm hues create an intimate atmosphere, drawing viewers into a time where warmth and practicality intertwined."
43,"The choice of flooring material depended on the region and the availability of resources. In wooded areas, moss and fir branches were preferred. They also had good insulating properties and a pleasant smell.","A sweeping aerial shot captures a dense, misty forest, sunlight filtering through the towering trees, as the camera glides down to reveal a cozy interior adorned with lush moss and fragrant fir branches, inviting warmth radiating from the earthy flooring, evoking a sense of harmony with nature."
44,"This ""living floor"" system was the result of centuries of experience surviving in cold conditions. It demonstrates how people used available natural materials to create a comfortable environment. It was a simple but ingenious solution for its time.","As the camera glides over the intricately layered ""living floor,"" sunlight filters through gaps in the shelter, illuminating the textures of natural materials, while a gentle breeze whispers tales of survival and ingenuity in the frigid wilderness."
45,"To modern people, such a system may seem unhygienic. However, for the Middle Ages, it was the standard of comfort and cleanliness. The scent of fresh herbs was considered a sign of a well-kept home.","In a dimly lit medieval cottage, the camera glides through a haze of warm candlelight, revealing a wooden table adorned with vibrant bundles of fresh herbs, their colors rich against the earthen tones of the walls, while soft, atmospheric music evokes a sense of comfort and cleanliness in a world far removed from modern standards."
46,Chapter 4: The Architecture of Warmth: Orientation and Windows,"As golden rays of the setting sun filter through the intricately carved windows of a prehistoric dwelling, the camera slowly pans across the warm, earthen tones of the interior, revealing the communal gathering of families around a crackling fire, their faces illuminated with a soft, flickering glow that reflects the intimacy and resilience of their shared existence."
47,Medieval architects understood the importance of proper building orientation for heat conservation. Castles and houses were built to maximize the use of solar heat. This was one of the first forms of passive solar heating.,"As the golden rays of dawn filter through the stone archways of a medieval castle, the camera glides through the meticulously designed rooms, highlighting the warm glow of sunlight dancing off the walls, revealing the ingenious orientation that harnesses nature's warmth for comfort and survival."
48,"Living areas such as bedrooms and living rooms were located on the south side of the castle. During the day, the sun heated the walls and penetrated through the windows, warming the rooms. The north side was reserved for utility buildings, storage rooms, and kitchens, which did not require constant heating.","Capture a sun-drenched south-facing room within the castle, where golden light spills through the windows, illuminating the rustic furnishings and casting soft shadows on the stone walls, while the cooler, shadowy north side looms in contrast, hinting at the bustling activity of kitchens and storage rooms just beyond."
49,"Windows in medieval castles were small and narrow, more like loopholes. Large windows meant significant heat loss, which was impossible to compensate for. The size of the windows was a compromise between the need for light and the need to retain heat.","As the golden light of dawn filters through the narrow, loophole windows of a medieval castle, casting elongated shadows on the stone walls, the camera slowly pans across the frigid interior, revealing the stark contrast between the warmth of the flickering fire and the chill of the drafty air, embodying the delicate balance between survival and illumination in a harsh world."
50,"For a long time, windows did not have glass and were closed with wooden shutters. The shutters were tightly fitted to the opening to minimize drafts. At night or in bad weather, they were closed, plunging the room into complete darkness.","As the camera glides through the dimly lit room, shadows dance across the rough-hewn walls, revealing the tightly shut wooden shutters that seal out the tempest outside; a flickering candle casts a warm glow, illuminating the anxious faces of those huddled within, their breaths visible in the cold, oppressive darkness."
51,"Glass was a very expensive and rare material. Only the wealthiest monarchs and aristocrats could afford it. Even in their castles, only the windows in the most important rooms, such as private chambers or chapels, were covered with glass.","As the golden sunlight filters through the opulent stained glass of a medieval chapel, the camera glides past intricately carved stone, revealing the hushed reverence of cloistered aristocrats, their faces illuminated by the ethereal hues, capturing the moment of awe and privilege in a world where glass is a symbol of wealth and power."
52,"Medieval glass was uneven, cloudy, and had a greenish tint. It did not let much light through, but it was still better than nothing. The glass was inserted into lead or wooden frames to form stained glass windows.","In the dim glow of flickering torchlight, the camera sweeps through a medieval chapel, revealing the uneven, cloudy stained glass windows framed in aged wood, casting ethereal hues across the stone walls as shadows dance in the flickering light, evoking a sense of sacred mystery and historical depth."
53,"Various materials were used to insulate windows. Openings were covered with oiled cloth or finely crafted leather. These materials allowed some light to pass through and protected against the wind, but they were short-lived and required frequent replacement.","In the dim glow of a flickering fire, the camera pans slowly across a rugged cave dwelling, revealing a patchwork of oiled cloth and leather tightly stretched over window openings; the soft light filters through, casting fleeting shadows that dance on the stone walls, evoking a sense of warmth amidst the harsh wilderness."
54,"Internal shutters were another way to reduce heat loss. They were closed at night, creating an additional barrier against the cold. Sometimes a layer of fabric or felt was placed between the outer and inner shutters.","As the sun sets, the flickering glow of a fire dances against the rough-hewn walls of a prehistoric dwelling; a close-up reveals hands deftly closing internal shutters, the soft rustle of fabric whispering secrets of warmth as shadows deepen, encapsulating the struggle against the encroaching chill of night."
55,"The layout of the rooms inside the castle also played an important role. The most important living quarters were placed on the upper floors. Warm air from the fireplaces and hearths on the lower floors rose upwards, providing additional heating.","As the camera glides through the dimly lit corridors of the castle, sunlight filters through narrow windows, casting flickering shadows on the stone walls, revealing the warmth of the upper living quarters where noble families find solace amidst the chill of the lower halls, as smoke from the hearths dances upwards, wrapping the scene in a cozy embrace."
56,"The kitchen was often located in a separate building or wing of the castle to prevent the spread of odors and reduce the risk of fire. However, the heat from the kitchen stoves could be used to heat adjacent rooms, such as servants' quarters.","As the camera glides through the dimly lit corridors of the castle, flickering torchlight casts dancing shadows, revealing the bustling kitchen in a separate wing, where flames crackle and thick smoke drifts, while distant echoes of servitude hint at the warmth and danger that intertwine within the stone walls."
57,"Castle walls were made very thick not only for defense but also for thermal insulation. Massive stone walls had high thermal inertia. They heated up slowly and cooled down slowly, smoothing out daily temperature fluctuations.","As the sun sets behind the ancient castle, casting long shadows over the thick, weathered stone walls, the camera glides along the fortress, capturing the warm glow of the interior flickering through narrow slits, evoking a sense of both protection and the relentless passage of time. The mood shifts as the night deepens, revealing the fortress's silent resilience against the chilling winds, illustrating the ingenious blend of defense and thermal mastery that defined its construction."
58,"This thermal inertia worked both ways. In summer, the thick walls kept the castle cool inside. In winter, once cooled, they became a constant source of cold that was very difficult to heat up.","As the camera glides through the dimly lit corridors of a prehistoric castle, shadows dance across the thick stone walls, exuding a chilling aura; the oppressive heat of summer fades into an eerie stillness as frost creeps along the edges, revealing the relentless struggle between the seasons within this ancient fortress."
59,"How much do you think the location of the windows affected the overall temperature in the castle? Windows were a source not only of light but also of cold drafts. In the next chapter, we will learn how people organized their personal space to maximize heat retention.","As the camera glides through the dimly lit corridors of the ancient castle, shafts of cold light pierce through the strategically placed windows, casting long shadows that dance across the stone walls, revealing the struggle of inhabitants against the chilling drafts as they gather around flickering flames, seeking warmth in their carefully organized personal spaces."
60,Chapter 5: Room within a room: zoning space,"As the camera glides through a dimly lit cave adorned with ancient rock art, shadows dance across the walls, revealing distinct zones of activity where early humans gather around a flickering fire, their faces illuminated with a warm glow, hinting at the deep connections formed in this sacred space."
61,"It was impossible to heat the huge halls of medieval castles in their entirety. Therefore, people created smaller, isolated spaces within them. This ""room within a room"" strategy allowed heat to be concentrated in a limited area.","As the flickering glow of torches casts dancing shadows on the stone walls, the camera glides through the narrow passageways of a medieval castle, revealing intimate hearths nestled within vast, cold halls, where families huddle together, their breath visible in the frigid air, creating a stark contrast between warmth and the looming chill outside."
62,"Heavy curtains and drapes were used to divide large halls. They were made of thick woolen fabric or velvet. These curtains were hung from the ceiling to the floor, separating small corners for work, rest, or sleep.","As soft, golden light filters through thick, woolen curtains cascading from the lofty ceiling, the camera glides through the divided hall, revealing intimate corners where shadows dance, hinting at the whispered stories of work, rest, and dreams woven into the fabric of daily life."
63,"Such improvised ""rooms"" were much easier to heat. Inside, you could put a brazier with coals or simply warm yourself with the heat of human bodies. The air in the partitioned space was significantly warmer than in the rest of the hall.","As the camera glides through the dimly lit, makeshift room, flickering shadows dance against the walls from a glowing brazier, capturing the intimate warmth shared among a group of early humans huddled together, their breath visible in the chilly air, creating a palpable sense of community and survival."
64,"The private quarters of the lord and his family, called solars, were relatively small. They were easier to heat and often had their own fireplace. The solar was the warmest and most comfortable room in the entire castle.","In a dimly lit solar, flickering shadows dance across the stone walls as the warm glow of the fireplace bathes the intimate space in a soft amber light, revealing the rich tapestries and worn furniture that tell tales of a noble family's daily life within the castle's cold embrace. The camera slowly pans, capturing the hushed whispers and shared glances, inviting the audience into a world of warmth and intrigue amidst the harshness of medieval life."
65,"The solar was usually located on the top floor, above the main hall. This allowed the heat rising from below to be used. In addition, there were fewer drafts and less dampness on the upper floors.","A sun-drenched solar, nestled high above the bustling main hall, glows warmly as golden light floods through wooden beams, casting intricate shadows on the earthen floor below; the camera pans slowly, capturing the contrast of warmth against the cool, damp air of the lower levels, evoking a sense of refuge in this prehistoric sanctuary."
66,"The furniture in the rooms was arranged with heat conservation in mind. Beds, tables, and chairs were placed away from the cold exterior walls. They were placed closer to the fireplace or in the center of the room.","As the dim light of the flickering fire casts warm shadows across the room, the camera glides over meticulously arranged furniture, revealing how each piece is strategically positioned to embrace the hearth's glow, a testament to prehistoric ingenuity in the face of the biting cold."
67,"The high backs of chairs and armchairs protected those sitting from drafts. Sometimes the furniture was additionally draped with fabric, creating another layer of insulation. People tried to surround themselves with warm materials on all sides.","Capture a dimly lit scene where a flickering fire casts dancing shadows across a cozy room, framing figures nestled in high-backed chairs draped with richly textured fabrics, their faces illuminated with warmth as they share stories, the air thick with the scent of wood smoke and camaraderie."
68,"Even the location of the main hall was important. It was the center of social life and, as a rule, the most crowded place in the castle. A large number of people gathered together generated a significant amount of heat.","As the camera sweeps through the dimly lit main hall, flickering torches cast dancing shadows on the stone walls, revealing a bustling crowd huddled together, their breath visible in the warm air—a vivid portrayal of the vibrant social life at the heart of the castle."
69,"During the day, the castle's inhabitants tried to spend more time together in the common hall. At night, they dispersed to their small, better-insulated bedrooms. This was a rational way to use heat and space.","As the warm glow of flickering torches casts dancing shadows across the stone walls, the camera sweeps through the bustling common hall, capturing laughter and camaraderie among the castle's inhabitants before transitioning to the intimate solitude of their small, candle-lit bedrooms, where the night deepens and the warmth of shared moments fades into the quiet of individual reflection."
70,"Portable braziers were used for additional heating. They could be placed in any part of the room where more heat was needed. However, braziers were dangerous due to the risk of fire and carbon monoxide poisoning.","Close-up on a flickering brazier, its glowing embers casting a warm yet ominous light across a dimly lit prehistoric dwelling; shadows dance on the walls as the camera slowly pans, capturing the tense atmosphere of warmth battling the lurking danger of smoke and flame."
71,"The use of screens was another way of zoning the space. Wooden screens covered with fabric or leather effectively protected against drafts. They could be easily moved around, creating cozy corners in the large, cold hall.","As the dim light flickers through the fabric-draped wooden screens, casting intricate shadows across the cold stone hall, the camera glides slowly, revealing intimate cozy corners where warmth and conversation bloom amidst the chill of the prehistoric world."
72,Castle architecture gradually evolved towards the creation of more small rooms. Late medieval castles had a more complex layout with many private rooms. This reflected a growing need for privacy and comfort.,"As the sun sets, casting warm golden hues through the narrow arrow slits, the camera glides through the labyrinthine corridors of a late medieval castle, revealing intimate private chambers filled with rich tapestries and flickering candlelight, evoking a sense of both comfort and secrecy in this era of evolving architecture."
73,"Thus, medieval people did not try to heat the entire castle. They created localised areas of warmth using furniture, fabrics and architectural solutions. This pragmatic approach allowed them to survive in conditions of constant cold.","As the camera glides through the dimly lit corridors of a medieval castle, flickering candlelight casts dancing shadows on stone walls, revealing cozy nooks where thick tapestries and sturdy wooden furniture create intimate pockets of warmth amidst the biting chill of the outside world."
74,Chapter 6: Personal Fortress: Clothing and Bedding,"As the warm glow of a flickering fire casts dancing shadows across the cave walls, capture a close-up of intricately woven animal hides draped over rough-hewn stones, showcasing the early humans’ resourceful use of their environment to create personal fortresses of comfort and warmth. The camera slowly pans out to reveal a family nestled together under layers of furs, their faces illuminated by the soft, golden light, embodying a profound sense of safety and connection in the heart of the prehistoric wilderness."
75,"In conditions where it was practically impossible to heat a huge and echoing stone dwelling, the focus shifted from heating the space to heating the person. Personal warmth became an absolute priority, and comfort was not a given — it had to be actively created and maintained. Medieval clothing and bedding were not just everyday items, but a carefully thought-out, multi-layered system of personal insulation.","The camera sweeps through a dimly lit, cavernous stone dwelling, shadows dancing on the walls as flickering firelight reveals a figure wrapped in layers of medieval clothing, their breath visible in the chill air; a close-up captures the intricate stitching of their garments, emphasizing the struggle for warmth against the harsh, echoing solitude of their environment."
76,"This system turned each person into a self-sufficient unit, surrounded by their own microclimate. It was a real personal ""fortress"" made of fabric, fur, and feathers, which people wore during the day and hid in at night, reflecting the attacks of the omnipresent cold.","Capture the intimate glow of flickering firelight illuminating the rugged textures of fabric, fur, and feathers, as individuals cocoon themselves in their personal fortresses, the camera panning slowly to reveal the stark contrast of their vibrant microclimates against the harsh, icy wilderness that looms just beyond their fragile walls."
77,"The basis of this personal fortress was the principle of layering, which is used today by mountaineers and polar explorers. Each layer of clothing did not so much provide warmth on its own as create a thin layer of air between itself and the next layer. It was this still air, trapped between the layers of fabric, that was the main insulator, forming an invisible barrier against the cold. The system began with the bottom layer — an undershirt known as a camisa.","As the camera glides through a dimly lit cave, the flickering shadows of a prehistoric figure meticulously wraps themselves in layers of animal hides and woven fibers, each movement slow and deliberate, revealing the intricate craftsmanship of the camisa—a testament to their ingenuity against the biting cold of the frozen landscape outside. The muffled sounds of the harsh wind outside contrast with the warm glow of the flickering fire, highlighting the delicate balance between survival and the elements."
78,"Over the linen shirt, one, and in severe cold, two or even three woolen tunics of different lengths were worn. Wool was a strategic material in medieval Europe, the main means of combating the cold. Its unique properties lay in the structure of its fibers, which, even in tightly woven fabric, created myriad air pockets that retained heat.","Close-up on a weathered hand pulling a woolen tunic over a linen shirt, the fabric thick and textured, as soft morning light filters through a frosty landscape, casting long shadows that tell the story of survival against the biting cold of medieval Europe. The camera pans slowly, revealing layers of warmth, each tunic draped in varying lengths, highlighting the ingenuity and resilience of those who braved the harsh elements."
79,"Protecting the feet was no less important, as the cold rose up from the stone floors. Men wore stockings called hose, which were also made of thick wool. They fit tightly around the legs from the feet to the thighs, leaving no gaps for cold air to enter, and were attached to the belt with special garters. Footwear was mainly leather, but its design took into account the need for insulation. So-called patens were often used — wooden platform sandals that were worn over leather shoes for walking on the street. They raised the foot above the icy ground, mud, and snow, keeping the main shoes dry and protecting the feet from freezing.","In a dimly lit workshop, flickering candles cast shadows on a craftsman’s hands as he meticulously weaves thick wool into snug hose, the camera gliding over the intricate patterns before pulling back to reveal a pair of wooden patens, glistening with frost, poised to elevate and protect against the harsh winter ground."
80,"Outerwear was the final, most powerful layer of protection. Long and wide cloaks, capes, and mantles made of heavy, thick cloth were a must-have item in any wardrobe. Their cut allowed you to wrap yourself completely in them, like a portable blanket, creating another voluminous layer of insulating air.","In the dim light of a flickering fire, the camera pans across a rugged landscape as a figure draped in a heavy, flowing cloak stands against the chill of twilight; the fabric billows around them, capturing the essence of warmth and survival in a world where every layer counts."
81,"For the nobility and wealthy townspeople, cloaks were often lined with fur, which made them incredibly warm and prestigious garments. Squirrel, rabbit, marten, or beaver fur not only retained heat excellently, but also demonstrated the wealth and high social status of the owner.","As the camera glides through a dimly lit, opulent hall adorned with flickering torchlight, focus on a noble figure draped in a rich, fur-lined cloak, the fabric glistening with the warmth of squirrel and rabbit pelts, symbolizing both power and prestige in this ancient society. The atmosphere is thick with the scent of wealth, as whispers of admiration echo softly in the background, capturing the essence of status and luxury in a world where every stitch tells a story of dominance."
82,"Realizing that a significant amount of heat is lost through the head, people in the Middle Ages almost never went bareheaded. Headwear was an integral and mandatory part of the wardrobe for both men and women, and was worn not only outdoors but also indoors. Men wore skullcaps, caps, and various hoods, which were often part of an upper tunic or cloak.","As the flickering torchlight dances against the stone walls of a medieval hall, the camera pans across a gathering of men and women adorned in intricate headwear, their breath visible in the cold air, each cap and hood casting shadows that tell tales of warmth and status—an intimate glimpse into the fabric of their daily lives, where every stitch holds the weight of survival and tradition."
83,"When night fell, the bed became the main and final refuge from the cold. A medieval aristocrat's bed was not just a piece of furniture, but a monumental, almost architectural structure. Made of solid oak, it had four tall carved posts supporting a solid wooden canopy.","As the flickering candlelight dances across the intricately carved oak, the camera slowly pans up the towering posts of the aristocrat's monumental bed, casting elongated shadows that evoke both warmth and isolation, while the chilling night air seeps through the cracks of the grand chamber, heightening the sense of refuge amidst the darkness."
84,"On all four sides, this frame was draped with several layers of thick, heavy curtains made of wool, cloth, or even velvet. When the curtains were drawn, they turned the bed into a small ""bedroom within a bedroom"" completely isolated from the cold room. The air inside this fabric cocoon, which was incomparably smaller than the volume of the entire room, quickly warmed up from the heat of the bodies and breath of the sleepers.","As the heavy curtains are drawn back, revealing the intimate warmth of a small, enclosed space, the camera glides through the fabric cocoon, capturing the flickering shadows of breath and body heat, evoking a sense of cozy isolation against the stark chill of the prehistoric night."
85,"The bed itself was also a multi-layered system. The base was a mattress stuffed with whatever materials were available: straw for the poor, horsehair or wool for the wealthy. The height of luxury was considered to be feather beds stuffed with swan or goose down — they were incredibly soft and warm.","Close-up on a richly adorned feather bed, sunlight filtering through a woven grass window, casting soft shadows on the delicate down as it billows gently; the camera pulls back to reveal contrasting layers of straw and horsehair mattresses, highlighting the stark division between wealth and poverty in a prehistoric dwelling, evoking a sense of warmth and comfort amidst the harsh realities of the era."
86,"Special warmers were used to combat the initial coldness of a damp bed. The simplest option was smooth river stones or bricks, which were heated in the fireplace, wrapped in thick cloth, and placed under the blanket. A more advanced device was a metal ""bed warmer"" — a copper or brass vessel with a lid and a long handle.","The camera glides through a dimly lit prehistoric dwelling, casting flickering shadows as warm light dances over smooth river stones nestled beneath thick, coarse blankets, while a hand carefully lifts a gleaming copper bed warmer, its metallic surface reflecting the soft glow of the fire, evoking a sense of warmth and comfort amidst the chill of the damp night."
87,"Even in their sleep, people continued to protect themselves from the cold. An essential part of nightwear was a sleeping cap, which protected the head from heat loss. Often, people did not undress completely, but slept in their undergarments, and sometimes, on particularly cold nights, in some of their daytime clothes. Moreover, in order to conserve heat, the practice of sleeping together was widespread: not only spouses, but also other family members could sleep in the same bed, warming each other.","As the flickering light of a small fire casts dancing shadows on the cave walls, the camera slowly pans over a huddled family, wrapped in furs and layered garments, their breath visible in the chilling air; a tender moment of togetherness unfolds as they nestle closely, each wearing a simple, handmade sleeping cap, embodying the warmth of both body and spirit against the harshness of the prehistoric night."
88,"Thus, clothing and bedding in the Middle Ages were not just things, but the last and most reliable line of defense against the cold. They were a complex, multi-layered system that created an individual microclimate around each person, allowing them to survive the long winter months in an unheated stone castle.","Close-up on a weathered hand pulling a thick, woolen blanket from a wooden chest, the flickering candlelight casting soft shadows on the stone walls, as the camera slowly pans to reveal a solitary figure huddled by a cold fireplace, wrapped in layers of coarse fabric, embodying the struggle against the harsh winter chill."
89,"How comfortable was it to move around and work in such bulky, multi-layered clothing? It certainly restricted movement, but that was the price paid for survival. In the next chapter, we will look at how portable heat sources helped in the local fight against the cold.","As the camera pans over the rugged terrain, we capture the struggle of figures clad in heavy, multi-layered clothing, their breath visible in the frigid air, each movement a testament to the resilience required for survival against the biting cold. Soft, flickering light from portable heat sources dances on their faces, illuminating the determination etched in their expressions as they navigate the harsh landscape."
90,Chapter 7: Mobile heat: the role of braziers,"As the golden light of dusk filters through the smoky haze of a prehistoric encampment, a close-up shot reveals the flickering flames of a hand-crafted brazier, casting dancing shadows on the rugged faces of ancient people gathered around it, their expressions a mix of warmth and survival as they share stories of the hunt."
91,"Braziers were an important addition to stationary fireplaces. They were metal or ceramic bowls on legs, into which hot coals were poured. The main advantage of braziers was their mobility: they could be carried from room to room.","As the warm glow of flickering coals illuminates the dimly lit stone chamber, a close-up of a skilled hand carefully transferring glowing embers into a beautifully crafted brazier reveals the intimate connection between fire and community, while the camera pulls back to capture the bustling life around the mobile warmth that brings people together."
92,This allowed local heat sources to be created exactly where they were needed at any given moment. A brazier could be placed near the table during a meal or next to the chair where the lord was conducting business. This was much more effective than trying to heat the entire room at once.,"As the warm glow of a flickering brazier casts dancing shadows on the rough-hewn walls, the camera slowly pans over a rustic table laden with food, capturing the intimate moments of a shared meal, while the soft crackle of fire fills the air, emphasizing the strategic placement of heat that brings comfort to the lord's bustling chamber."
93,"Charcoal was used as fuel for braziers. Unlike ordinary firewood, charcoal burned with virtually no smoke or flame. This made it relatively safe to use indoors without a chimney.","In a dimly lit cave, the flickering glow of a charcoal brazier casts dancing shadows on the rough stone walls, illuminating the faces of early humans gathered around, their expressions a mixture of awe and comfort as they bask in the warmth of the smoke-free flame. The camera slowly pans in, capturing the intimate exchange of stories and laughter, a moment of connection in the heart of their prehistoric world."
94,"However, the use of braziers was associated with a serious danger. When coal burned, it released carbon monoxide—colorless and odorless, but deadly. Rooms where braziers were used had to be well ventilated, which negated part of their heating effect.","In a dimly lit cave, flickering shadows dance across the stone walls as a lone figure stokes a braziers, the warm glow illuminating their anxious face; the camera slowly pulls back to reveal the suffocating darkness surrounding them, hinting at the unseen danger of carbon monoxide lurking in the air."
95,"Braziers were made from various materials. The simplest ones were ceramic, while the more expensive ones were made of bronze or iron. They were often decorated with intricate patterns, turning a utilitarian object into a work of art.","As the flickering flames cast dancing shadows upon the cave walls, the camera glides over a beautifully crafted bronze brazier, its intricate patterns gleaming in the soft, warm light, revealing the artistry that transformed utility into a symbol of status in a prehistoric world."
96,The sizes of braziers also varied. Small hand-held braziers could be held in the hands to warm them. Large floor braziers could heat a small group of people gathered around them.,"In the dim glow of flickering flames, a close-up shot captures the worn hands of a prehistoric figure cradling a small hand-held brazier, the warm light dancing across their face as they huddle closer to a larger, communal brazier surrounded by a circle of shadowy silhouettes, embodying the intimate warmth of shared survival in a cold, unforgiving world."
97,"There were also special braziers for warming beds. They had a long handle and a lid with holes. Hot coals were placed inside, and this ""frying pan"" was passed between the sheets before bedtime.","In a dimly lit prehistoric dwelling, the camera glides through the shadows as a figure expertly maneuvers a long-handled brazier, its flickering flames casting a warm glow on the textured animal hides of the bed, creating an intimate atmosphere of comfort and ritual as the coals softly crackle in the night."
98,"Braziers required constant care. The coals had to be lit outside or in the fireplace and only then brought indoors. After use, the ashes had to be carefully removed so as not to stain the floors and furniture.","A flickering firelight dances across the stone walls of a dimly lit prehistoric dwelling, casting long shadows as a figure kneels beside a glowing brazier, expertly tending to the coals with weathered hands; the warm glow reveals the meticulous care taken to preserve the sacred space, while wisps of ash float gently in the air, hinting at the daily rituals of survival."
99,"Despite all the risks and inconveniences, braziers were an indispensable element of medieval life. They provided flexibility in heat management that stationary fireplaces could not offer. It was a simple but effective solution for local heating.","In the flickering glow of a braziers’ flame, the camera sweeps low over a bustling medieval market, capturing the warm light dancing across the faces of tradespeople, illuminating their weary expressions as they huddle close, sharing warmth against the chill of dawn."
100,"In large halls, several large braziers were sometimes installed. They created islands of heat around which life was concentrated. People moved from one brazier to another, trying to stay within their range.","INT. PREHISTORIC HALL - NIGHT - The camera glides smoothly through a dimly lit hall, flickering shadows dancing on rough stone walls as glowing braziers cast a warm, inviting light. Groups of early humans huddle closely, their faces illuminated by the flames, as they navigate the shifting islands of warmth, laughter and murmurs echoing softly in the air, creating an intimate atmosphere of communal survival."
101,"Braziers were also used in churches and monasteries. In huge unheated temples, they were the only source of heat for priests and parishioners during long winter services.","As the camera glides through the dimly lit, cavernous space of an ancient temple, the flickering light of braziers casts haunting shadows on the stone walls, illuminating the solemn faces of priests and parishioners huddled together, their breath visible in the frigid air, evoking a profound sense of shared warmth amidst the bitter cold of winter."
102,"Thus, braziers played a key role in the survival strategy in cold castles. They made it possible to heat people rather than spaces, which was a much more rational approach.","In the dimly lit stone chamber of a cold castle, flickering flames dance within a sturdy brazier, casting haunting shadows on the rough-hewn walls; the camera slowly zooms in on the faces of weary inhabitants, their breath visible in the chill, as they huddle close, embodying the stark reality of survival in a harsh medieval winter."
103,Chapter 8: The Kitchen as the Heart of Warmth,"In a dimly lit cave, flickering shadows dance across the walls as a fire crackles at the center, illuminating the communal space where prehistoric families gather, their faces aglow with the warmth of shared stories and the tantalizing aroma of roasted game, evoking a deep sense of unity and survival."
104,"The kitchen was one of the warmest places in the entire castle, a true center of heat. Huge stoves and hearths worked there from early morning until late at night, generating a tremendous amount of thermal energy. This energy, although unintentional, contributed to the heating of the entire castle.","As the golden light flickers from the massive hearths, casting dancing shadows across the rugged stone walls of the castle kitchen, a close-up reveals the hands of a cook stirring a bubbling pot, steam swirling in the warm air like whispers of ancient secrets. The camera pulls back to capture the bustling scene, where the warmth radiates not just from the flames, but from the camaraderie of those gathered, a heart pulsating within the fortress's cold exterior."
105,"For fire safety reasons, the kitchen was often built as a separate building, connected to the main castle by a covered passageway. This prevented the spread of fire to the living quarters. However, this arrangement reduced its effectiveness as a source of heat.","As the sun sets, casting long shadows across the stone courtyard, the camera glides through a covered passageway, revealing the rustic kitchen—its warm glow flickering from within—while the cold, imposing castle looms in the background, underscoring the tension between safety and comfort in this medieval world."
106,"In later castles, the kitchen was built directly into the main building, usually on the first floor. This was riskier, but it allowed the heat from the kitchen stoves to be used more efficiently. The walls adjacent to the kitchen were always warm.","As the camera glides through the dimly lit corridors of a medieval castle, it captures the flickering glow of firelight dancing off the stone walls, revealing the bustling kitchen on the first floor, where steam rises from the stoves and warmth envelops the air, creating an inviting yet precarious atmosphere."
107,"Warm air from the kitchen rose up the stairs and corridors, heating the upper floors. The rooms directly above the kitchen were the warmest in the castle after the rooms with fireplaces. Often, servants' quarters or guest bedrooms were located there.","As warm, golden light spills from the kitchen below, the camera glides up the worn stone staircase, revealing the inviting glow of the upper rooms, where the flickering shadows of servants bustle about, creating a tapestry of life within the castle's ancient walls. The atmosphere is thick with the rich aromas of cooking, evoking a sense of warmth and communal intimacy amidst the cold stone of the fortress."
108,"The constant work in the kitchen required a large amount of fuel. The wood supplies for the kitchen were comparable to those for heating the main hall. This made the kitchen not only the center of food preparation, but also the largest consumer of energy in the castle.","As the flickering glow of flames dances in the dimly lit kitchen, a wide-angle shot reveals bustling figures chopping, stirring, and tending to a roaring fire, embodying the heart of the castle where warmth and sustenance converge in a symphony of labor and life."
109,"In addition to heat, the kitchen was a source of constant activity. There was always a lot of work going on there, and many people gathered there. This activity and human warmth also contributed to a more comfortable atmosphere.","As the warm glow of the fire flickers in the dimly lit kitchen, the camera pans over a bustling scene of prehistoric families gathered, their hands skillfully preparing food, laughter and chatter echoing in the air, capturing the vibrant essence of communal life and shared warmth."
110,"The smells of food being prepared, spreading from the kitchen, created a feeling of comfort and well-being. In a cold and gloomy castle, the aroma of fresh bread or roasted meat was a powerful psychological factor. It was associated with warmth, satiety, and safety.","As the camera glides through the dimly lit, stone-walled castle, flickering firelight casts dancing shadows, revealing the steam rising from a rustic hearth where bread is being pulled from the oven; the rich aroma envelops the air, evoking a profound sense of warmth and safety amidst the cold gloom."
111,"Sometimes the heat from the kitchen was used deliberately. For example, bathrooms could be located next to the kitchen. Hot water for washing was taken directly from the kitchen boilers, and the room itself was heated by the warmth from the adjacent wall.","Under the flickering glow of firelight, a close-up shot reveals steam rising from a rustic kitchen boiler, casting ethereal shadows on the earthen walls, as the camera pans to a cozy bathroom, where warm hues of candlelight mingle with the soft murmurs of water, creating an intimate atmosphere of prehistoric domestic life."
112,"Servants working in the castle often looked for an excuse to go into the kitchen and warm up a little. For them, it was the only place where they could take a break from the piercing cold of the corridors and halls. The kitchen was an informal center of social life for the servants.","As the harsh winter light filters through the frost-laden windows, capture the bustling warmth of the kitchen, where flickering candlelight dances on the faces of weary servants sharing hushed laughter and stolen moments of respite from the castle's icy grasp. Focus on close-ups of steaming pots and hands clasping mugs, emphasizing the contrast between the cold corridors and the vibrant camaraderie brewing within these walls."
113,Architects took this factor into account when designing castles. The location of the kitchen in relation to the living quarters was an important decision that affected the overall thermal balance of the building. A successful layout could significantly improve living conditions in the castle.,"As sunlight streams through the arched windows, casting intricate shadows on the stone walls, the camera glides through the castle’s meticulously designed layout, revealing the strategic placement of the kitchen nestled adjacent to the living quarters, an architectural marvel that harmonizes warmth and comfort in a medieval sanctuary."
114,"Even the chimneys from the kitchen stoves could serve as a source of heat. Passing through the thickness of the walls, they gave off some of their heat to the stone, which then slowly radiated it into adjacent rooms. It was a primitive form of central heating.","In a dimly lit, rustic kitchen, the flickering flames of the stove cast dancing shadows on the rough-hewn walls, as the camera slowly pans to reveal the smoke curling lazily from the chimneys, emphasizing the warmth radiating softly into the adjacent stone-walled rooms, a testament to the ingenuity of early human life."
115,"Thus, the kitchen was not only a place for cooking, but also the castle's informal ""boiler room."" Its constant operation provided a basic level of heat that made life within the stone walls a little more bearable.","As the flickering glow of firelight dances across the rough stone walls, the camera slowly pans through the bustling kitchen, capturing the steam rising from bubbling pots, illuminating the weary faces of cooks who labor tirelessly, their breath visible in the chilly air, creating a warm sanctuary amidst the fortress's cold embrace."
116,Chapter 9: The Human Factor and Social Warmth,"As the sun sets, casting a golden glow over a bustling prehistoric community, the camera pans over families huddled around crackling fires, their laughter and warmth illuminating the shadows of ancient trees, capturing the essence of human connection and the vibrant social fabric of early human life."
117,"In addition to all the technical tricks, the human factor played an important role in the fight against the cold. Medieval people understood that the best source of heat was another person. Social habits and daily routines were largely subordinated to the task of conserving heat.","As the camera glides through a dimly lit medieval dwelling, shadows flicker against the rough-hewn walls, capturing the intimate closeness of bodies huddled together, their breath visible in the frigid air—a testament to ancient survival instincts forged in the relentless grip of winter."
118,"Most of the time, the castle's inhabitants spent together in the common hall. This was not only a tradition but also a practical necessity. A large group of people gathered in one room generated enough heat to make it more comfortable.","Wide shot of a dimly lit common hall, flickering candlelight casting dancing shadows on rough-hewn wooden beams as a diverse group of medieval inhabitants huddles together, their breath visible in the chilly air, laughter and conversation creating a warm, communal atmosphere amidst the starkness of their stone fortress."
119,"Shared meals, celebrations, and entertainment were not just leisure activities, but a means of collective survival. Dancing, games, and music warmed not only the soul, but also the body. Physical activity was the best way to keep from freezing in the cold hall.","As the flickering firelight casts dancing shadows on the cave walls, a group of prehistoric people revels in communal joy, their rhythmic movements and joyous laughter echoing through the icy air, a vital pulse against the encroaching cold. The camera sweeps low, capturing the warmth of their shared meals and the vibrant energy of their dances, weaving a tapestry of survival and unity in a harsh, unforgiving landscape."
120,"The population density in the castle was quite high. In addition to the lord's family, a large number of servants, craftsmen, and soldiers lived in the castle. Their constant presence and movement created additional warmth. Even domestic animals contributed to the heating. In some cases, small livestock could be brought into the lower rooms of the castle for the winter. The heat from the animals rose upward, warming the floors on the upper floors.","As the camera glides through the bustling castle halls, warm light flickers from torches, illuminating the faces of the lord's family and their servants, while the soft sounds of livestock rustle in the background, creating an intimate tapestry of life that weaves warmth and chaos together in the heart of the medieval stronghold."
121,"The working day was structured according to daylight hours and temperature. The heaviest and most energy-intensive work was done during the coldest part of the day to keep warm. Evenings were spent in relative peace by the fire, conserving energy and heat.","As the sun dips below the horizon, casting long shadows over the rugged landscape, the camera sweeps through a dimly lit cave, revealing a group of prehistoric humans huddled around a flickering fire, their faces illuminated by its warm glow, embodying a sense of communal tranquility amidst the chill of the encroaching night."
122,"The psychological aspect of warmth was also very important. The feeling of community, security, and belonging to a group helped people endure physical discomfort. Overcoming difficulties together strengthened social bonds.","As the flickering flames of a communal fire illuminate the faces of ancient kin, capture the intimate exchanges and shared laughter that weave a tapestry of warmth and belonging, highlighting the profound psychological comfort found in unity amidst the harshness of their world."
123,"Hospitality was not only a virtue, but also a way to attract more people to the castle and, accordingly, more warmth. Large feasts and receptions were a demonstration of status and, at the same time, a collective warming session. Stories and legends told by the fireplace created a cozy atmosphere. They distracted from the feeling of cold and brought people together. The fire in the hearth was the center of not only physical but also social warmth.","As the camera sweeps through the grand hall, flickering torchlight dances off stone walls, capturing the glow of a roaring hearth where laughter and stories intertwine, enveloping the guests in a warm embrace against the chill of the night. Wide shots reveal a vibrant feast, rich with color and texture, as the flickering flames illuminate the faces of those gathered, their expressions reflecting the camaraderie and unity forged by the fire's light."
124,Behavioral norms were also adapted to the cold conditions. It was considered normal to sit close to each other and share a cloak or blanket. Physical contact was a natural way to keep warm. Children spent most of their time playing games that required movement. Their activity helped them stay warm. Games of tag or hide-and-seek in the cold corridors of the castle also had a practical purpose.,"Under the dim, flickering light of an open fire, the camera glides through the stone corridors of a prehistoric castle, capturing families huddled together under shared cloaks, their breath visible in the frosty air as children's laughter echoes, weaving through the shadows as they dart between ancient walls playing tag, their warmth and joy a vibrant contrast to the harsh chill outside."
125,"Thus, social structure and daily habits were closely intertwined with the need to stay warm. People instinctively and consciously used collective energy to combat the cold.","As the camera sweeps through a dimly lit prehistoric cave, shadows flicker from the warm glow of a fire, capturing the intimate, communal gathering of early humans huddled together, their breath visible in the frigid air, embodying the rhythm of survival against the encroaching cold."
126,Chapter 10: The Evolution of Comfort,"As the warm glow of a flickering fire dances in the twilight, the camera pans over a group of early humans huddled together, their faces illuminated by the soft, orange light, showcasing the tender bonds of community that emerge amidst the rugged wilderness."
127,"Ideas about comfort in the Middle Ages were radically different from the modern standards we take for granted. For medieval people, constant cold, penetrating dampness, and drafts were not annoying inconveniences, but a norm of life that had to be tolerated and adapted to. The ability to endure low temperatures without complaining and remain productive was seen not only as a personal trait, but also as an important sign of physical strength, endurance, and excellent health. It was part of the toughening process that shaped the mentality of the era.","In a dimly-lit medieval cottage, the flickering candlelight emphasizes the rugged faces of laborers enduring the biting cold; the camera pans slowly to capture their hardened hands at work, revealing the resilience and strength that define their very existence in a world where comfort is a distant dream."
128,"However, humanity does not stand still, and over the centuries, albeit slowly but surely, heating and insulation technologies have developed. This process was non-linear and often reactive, responding to people's needs for better living conditions. Gradually, from era to era, austere, functional castles and dwellings underwent transformations, becoming warmer, brighter, and, as a result, more comfortable to live in.","As the camera glides through dimly lit, austere medieval castles, shadows dance across rough stone walls, revealing the subtle evolution of heating technologies; flickering torches illuminate the gradual shift to brighter, cozier interiors, capturing the warmth of human innovation in striking contrast to the cold, unyielding structures of the past."
129,"This long and laborious process reflected profound changes taking place in society as a whole: technological development, increased prosperity, changing social priorities, and the formation of new ideas about privacy and personal comfort.","In a dimly lit cave illuminated by flickering firelight, camera pans across the faces of early humans, their expressions a blend of awe and apprehension as they gather around the first rudimentary inventions, symbolizing a shift in societal values and the dawn of personal comfort amidst the shadows of their primitive world."
130,"One of the most revolutionary and key innovations that changed the very paradigm of living space was the widespread use of glass. Until the late Middle Ages, windows were either absent or small loopholes covered with shutters, oiled cloth, or animal bladders, which made rooms dark and cold.","As the camera sweeps through a dimly lit medieval dwelling, the flickering shadows of candlelight dance on rough stone walls, revealing the cramped space where inhabitants huddle, their breath visible in the chill; suddenly, a sunbeam breaks through a newly installed glass window, illuminating the room and transforming the atmosphere, symbolizing a revolutionary shift in human comfort and connection to the outside world."
131,"When glass production technology reached a level where it became possible to manufacture fairly large and, most importantly, relatively airtight glass panels, it caused a real revolution. Large windows fitted with glass radically changed the thermal balance of buildings: not only did they allow significantly more daylight into rooms, but they also allowed passive use of solar heat to warm the interior. Instead of being a source of drafts and darkness, windows became a source of light and heat.","As the sun rises, casting golden rays through the newly crafted glass panels of an ancient dwelling, the camera glides through the large windows, illuminating the once-shadowy interior with warmth and brilliance, capturing the transformative moment when light and heat redefine human living spaces."
132,"The design of fireplaces, which had long remained primitive and extremely inefficient, also underwent significant improvements. More complex and sophisticated chimneys appeared, often with bends and dampers, which were much better at retaining heat inside the room, directing smoke outside and preventing it from escaping freely along with precious heat.","As the soft glow of firelight flickers against the rough stone walls, a close-up reveals the intricately designed chimney, its bends and dampers silhouetted against the warm, inviting flames; smoke billows gracefully outside, capturing the ingenuity of prehistoric innovation in a moment of transformative warmth."
133,"An important step was not only an increase in efficiency, but also the spread of fireplaces. Whereas previously a fireplace was a luxury and often the only source of heat in the main hall, over time they began to be built into every living room, which allowed for individual, local comfort and significantly increased the overall temperature in private quarters.","As the camera glides through a dimly lit prehistoric dwelling, flickering flames dance in newly constructed fireplaces, casting warm shadows on the rough-hewn walls; we capture the intimate moments of families gathered around the hearth, their faces aglow with the promise of comfort and connection in a world where warmth now thrives in every corner of their lives."
134,"At the same time, the architecture of castles itself changed. From purely defensive structures, where functionality and inaccessibility were paramount, they gradually transformed into more livable and representative residences.","As the sun sets behind the towering battlements, casting long shadows over the stone walls, the camera glides through the once-impenetrable fortress, revealing intricately decorated interiors that blend opulence with remnants of a martial past, capturing the evolution from stark defensiveness to elegant livability."
135,"There were significantly more small, intimate rooms, which were much easier to heat than huge, echoing halls. The number of private rooms for members of the lord's family and his guests increased, allowing everyone to have their own personal, warmer, and more secluded space.","As the golden light of a flickering fire dances across the earthen walls, the camera glides through a series of dimly lit, intimate chambers, revealing the warmth and privacy of the lord's family quarters, where shadows whisper secrets of ancient gatherings and shared stories."
136,"In the late Middle Ages and, especially, during the Renaissance, when engineering thought gained new momentum, the first, still tentative but ambitious attempts to create central heating systems appeared. In some particularly luxurious castles and palaces, complex systems of channels and air ducts were installed, through which hot air, heated by large furnaces in the basement, was supplied to the living quarters. These systems were essentially a reimagined and adapted version of the ancient Roman hypocaust, a system for heating floors and walls.","A sweeping aerial shot reveals the grandeur of a Renaissance castle, its stone walls bathed in the warm glow of flickering torchlight, as the camera glides down to reveal intricate air ducts and channels beneath the opulent floors, hinting at the revolutionary engineering marvels of central heating that whisper of warmth and luxury in the chill of medieval winters."
137,"However, these early central heating systems were incredibly expensive to build, required enormous amounts of fuel, and were extremely difficult to operate and maintain. Due to their high cost and technical complexity, they did not become widespread and remained the privilege of only the wealthiest and most powerful rulers and aristocrats. Nevertheless, they were an important harbinger of the future, pointing the way in which engineering thought and man's quest for the most efficient and comprehensive heating of dwellings would develop.","Reveal a dimly lit, grand chamber of a prehistoric palace, with flickering shadows dancing across intricately carved stone walls as the camera glides over a lavish central heating system, smoke curling upward from a massive hearth—an opulent symbol of power and privilege in a world of cold stone and fire."
138,"Attitudes towards clothing also changed. While in the early Middle Ages the main criteria were strength, durability and, above all, warmth, with the development of trade and the emergence of new fabrics, clothing became lighter, more refined and more elegant. Nevertheless, it still retained its basic heat-protective properties thanks to the use of high-quality wool, fur, and multiple layers.","As the camera glides through a bustling medieval marketplace, sunlight filters through vibrant textiles hung from wooden stalls, casting colorful shadows on the cobblestone streets; we capture artisans skillfully weaving delicate fabrics, their faces illuminated with pride as they showcase the evolution of clothing from rugged warmth to refined elegance, all while maintaining the essential embrace of warmth from rich wool and fur."
139,"New styles appeared, whose cut allowed functionality to be combined with fashion trends, reflecting the growing importance of appearance and aesthetics.","As the golden light of dawn filters through the trees, the camera glides over a vibrant gathering of prehistoric individuals adorned in newly fashioned garments, showcasing the intricate balance of utility and aesthetic, their expressions a testament to the evolving significance of beauty in their daily lives."
140,"This continuous evolution of comfort continues to this day. Modern complex heating, ventilation, and air conditioning systems, which allow you to maintain the ideal temperature and humidity in any climatic conditions, are the direct result of a thousand-year-long, tireless search by humans for ways to protect themselves from the vagaries of nature and ensure the most comfortable existence possible.","In a dimly lit cave, the flickering shadows of early humans dance on the walls as they huddle around a primitive fire, their faces illuminated by a warm glow; the camera slowly pulls back, revealing the stark contrast of the harsh, unforgiving wilderness outside, a testament to humanity's enduring struggle against nature's whims."
141,Conclusion,"As the sun dips below the horizon, casting a golden glow across the rugged landscape, the camera sweeps through a small group of early humans gathered around a flickering fire, their faces illuminated by the warm light, reflecting the bond of community and the shared wisdom of their ancestors."
142,"We have completed our journey into the cold and uncomfortable world of medieval castles. Today we learned that life in these stone giants was a constant struggle for warmth. Fireplaces were inefficient, and drafts swept through the huge halls, making them virtually uninhabitable in winter.","As the camera glides through the dimly lit, cavernous halls of a medieval castle, flickering shadows dance against the stone walls, revealing the harsh reality of life within—where weary figures huddle around sputtering fireplaces, their breath visible in the frigid air, while icy drafts whisper through the cracks, amplifying the struggle for warmth and survival."
143,"However, people found solutions that were ingenious in their simplicity. Tapestries on the walls, multi-layered floors made of grass, thoughtful architecture, and zoning of space helped to preserve precious heat. Multi-layered clothing and fortress-like beds created a personal microclimate, while social rituals and spending time together warmed not only bodies but also souls.","As the camera glides through a dimly lit, cozy dwelling adorned with vibrant tapestries, soft shadows dance across the multi-layered grass floors; we witness families huddled in fortress-like beds, their laughter and warmth illuminating the intimate space, a testament to the ingenuity of human connection in the harshness of a prehistoric winter."
144,"These methods show how inventive people can be in their quest for comfort and survival. They are proof that even in the harshest conditions, it is possible to find a way to create your own little island of warmth and comfort.","In the flickering firelight of a rugged cave, the camera slowly pans across the carefully crafted tools and makeshift bedding of a prehistoric family, capturing the intimate glow of their resilience as they huddle together against the biting cold, embodying the spirit of survival against nature's relentless grip."
145,"What other topics from medieval life would you like to see in our next issues? Perhaps you are interested in medieval medicine, the justice system, or the secrets of the knightly orders? Share your ideas in the comments, and don't forget to subscribe to the channel so you don't miss out on new exciting stories.","As the sun sets behind a crumbling stone castle, casting long shadows across the cobblestone streets, the camera glides through a bustling medieval marketplace, capturing the vibrant tapestry of life—merchants haggling, children playing, and healers tending to the sick—each frame a glimpse into the rich tapestry of medieval society."
